Sequencial,Fazenda-C창mara,ID# amostra (obrigat처ria),Profundidade,C처d. Laborat처rio,em H20,em CaCl2 0.01 M,Ca,Mg,Al,H + Al,P,K,M.O.,C.O. WB,C total (Dumas,N total Dumas,Argila,Silte,Areia,Densidade
1,TUC-9,TUC-9-1,-1,6434,6.3,4.9,64,20.1,0,12,50,187,55.51,3.22,3.3,0.21,414,354,231,01.07
2,TUC-9,TUC-9-2,-2,6435,6.4,4.6,38.8,14.1,0,11,9.8,150,42.87,2.49,2.64,0.14,614,254,131,1.20
3,TUC-9,TUC-9-3,-3,6436,6.5,4.5,19.4,8.4,0,7,0.9,117,30.43,1.77,1.91,0.09,674,274,51,1.20
4,TUC-9,TUC-9-4,-4,6437,5.9,4.3,5.8,4.2,0,11,0.4,70,27.27,1.58,1.56,0.07,674,274,51,1.15
5,TUC-9,TUC-9-5,-5,6438,5.5,4.3,5.4,3.9,1,12,0.2,75,21.46,1.24,1.26,0.05,714,254,31,1.15
6,TUC-9,TUC-9-6,-6,6439,5.7,4.6,7.2,3.3,1,9,0.2,64,18.36,01.06,1.13,0.05,674,254,71,1.11
7,TUC-9,TUC-9-7,-7,6440,5.9,4.8,7.3,4.6,0,9,0,56,18.28,01.06,01.09,0.05,714,254,31,1.18
8,TUC-10,TUC-10-1,-1,6441,5.9,4.5,54.7,16.6,0,21,27.7,122,56.51,3.28,3.26,0.21,534,314,151,01.02
9,TUC-10,TUC-10-2,-2,6442,5.7,4,24,6.6,1,21,5.7,70,41.73,2.42,2.5,0.13,674,254,71,1.14
10,TUC-10,TUC-10-3,-3,6443,5.5,4.1,13.1,4.3,2,18,1.2,55,30.61,1.78,1.89,0.1,714,234,51,1.12
11,TUC-10,TUC-10-4,-4,6444,5.3,4.2,6,2.6,2,15,0.9,20,21.74,1.26,1.33,0.06,734,234,31,1.12
12,TUC-10,TUC-10-5,-5,6445,5.2,4.3,5.6,2.8,2,15,0.2,19,18.75,01.09,1.15,0.06,714,254,31,1.18
13,TUC-10,TUC-10-6,-6,6446,5.6,4.6,6.5,2.6,1,12,0.1,12,17.82,01.03,01.05,0.05,754,234,11,1.20
14,TUC-10,TUC-10-7,-7,6447,5.8,4.9,6.4,2.5,1,10,0,11,15.27,0.89,0.92,0.04,754,194,51,1.19
15,TUC-11,TUC-11-1,-1,6448,5.7,4.4,38.9,11.6,1,23,22.2,89,49.41,2.87,2.88,0.16,474,494,31,1.17
16,TUC-11,TUC-11-2,-2,6449,5.6,4.1,23.1,6.9,1,23,4.9,53,44.7,2.59,2.52,0.13,654,274,71,1.13
17,TUC-11,TUC-11-3,-3,6450,5.5,4.2,13.5,5,1,20,1.3,45,30.17,1.75,1.69,0.08,654,214,131,1.19
18,TUC-11,TUC-11-4,-4,6451,5.3,4.2,7.7,3.9,2,15,0.3,37,24.04,1.39,1.44,0.07,614,174,211,1.15
19,TUC-11,TUC-11-5,-5,6452,5.3,4.4,6.8,3.2,2,14,0.3,34,19.71,1.14,1.18,0.05,694,214,91,1.15
20,TUC-11,TUC-11-6,-6,6453,5.6,4.6,10.4,3.5,1,12,0.1,25,19.44,1.13,1.2,0.06,714,254,31,1.22
21,TUC-11,TUC-11-7,-7,6454,5.7,4.8,7.9,3,0,10,0,14,15.45,0.9,0.96,0.04,894,60,46,1.26
22,TUC-12,TUC-12-1,-1,6455,6.1,4.8,47.8,17.3,0,16,39.1,203,56.91,3.3,3.35,0.2,719,180,101,01.07
23,TUC-12,TUC-12-2,-2,6456,6.2,4.5,30.2,11.2,0,17,6.1,111,41.81,2.43,2.45,0.12,683,260,57,1.19
24,TUC-12,TUC-12-3,-3,6457,5.9,4.4,14.6,6.2,0,14,1.1,80,28.7,1.66,1.78,0.09,783,140,77,1.15
25,TUC-12,TUC-12-4,-4,6458,5.5,4.3,4.2,2.5,1,13,0.2,50,22.38,1.3,1.32,0.06,843,120,37,1.20
26,TUC-12,TUC-12-5,-5,6459,5.3,4.4,5.1,3.2,1,12,0.1,48,20.04,1.16,1.19,0.05,739,180,81,1.10
27,TUC-12,TUC-12-6,-6,6460,5.7,4.7,6.3,3.5,0,10,0,39,16.69,0.97,01.08,0.05,879,80,41,1.16
28,TUC-12,TUC-12-7,-7,6461,5.8,4.9,5.2,4.6,0,8,0,22,16.41,0.95,0.96,0.04,843,80,77,01.07
29,TUC-13,TUC-13-1,-1,6462,5.7,4.1,20.9,3.7,1,22,66,59,18.77,01.09,01.02,0.06,156,70,774,1.49
30,TUC-13,TUC-13-2,-2,6463,5.9,4.5,17.1,3.5,0,20,22.3,55,19.86,1.15,0.74,0.04,146,40,814,1.64
31,TUC-13,TUC-13-3,-3,6464,6.1,4.5,12.9,3.7,0,13,30.6,50,11.73,0.68,0.56,0.03,146,40,814,1.57
32,TUC-13,TUC-13-4,-4,6465,6.3,4.8,10.1,5.4,0,10,0.4,39,8.21,0.48,0.47,0.03,156,30,814,1.53
33,TUC-13,TUC-13-5,-5,6466,6.3,5,10.4,5.3,0,8,0.5,39,7.71,0.45,0.43,0.03,156,30,814,1.60
34,TUC-13,TUC-13-6,-6,6467,6.1,5,10.5,3,0,5,0.3,36,7.47,0.43,0.42,0.02,166,40,794,1.52
35,TUC-13,TUC-13-7,-7,6468,6.2,5.2,6.8,2.6,0,2,0,28,4.87,0.28,0.3,0.02,146,50,804,1.53
36,TUC-14,TUC-14-1,-1,6469,5.5,4.1,18.3,2.8,2,23,112,44,21.89,1.27,1.25,0.09,156,40,804,1.59
37,TUC-14,TUC-14-2,-2,6470,5.9,4.3,21.4,3.3,0,19,27.7,36,17.04,0.99,0.86,0.06,156,40,804,1.56
38,TUC-14,TUC-14-3,-3,6471,6.2,4.6,14.5,2.8,0,12,1.5,33,8.95,0.52,0.5,0.03,156,30,814,1.66
39,TUC-14,TUC-14-4,-4,6472,6.4,4.9,11.6,2.9,0,7,0.5,30,7.41,0.43,0.51,0.03,136,40,824,1.52
40,TUC-14,TUC-14-5,-5,6473,6.5,4.9,10.2,2.9,0,5,0.2,30,8.21,0.48,0.54,0.03,166,40,794,1.47
41,TUC-14,TUC-14-6,-6,6474,6.5,4.4,3.3,2.2,0,6,0.1,31,6.4,0.37,0.35,0.02,196,30,774,1.55
42,TUC-14,TUC-14-7,-7,6475,5.2,4.2,2,1.4,2,8,0,28,6.26,0.36,0.38,0.02,196,30,774,1.44
43,TUC-15,TUC-15-1,-1,6476,5.2,4,17.6,2.8,2,25,93.5,69,15.62,0.91,0.98,0.06,214,40,746,1.53
44,TUC-15,TUC-15-2,-2,6477,5.6,4.1,14.8,2.5,1,20,30.8,64,11.99,0.7,0.69,0.04,214,40,746,1.63
45,TUC-15,TUC-15-3,-3,6478,6,4.4,13.5,2.2,0,17,6,58,10.89,0.63,0.64,0.04,234,40,726,1.65
46,TUC-15,TUC-15-4,-4,6479,6.4,4.9,11.3,2.6,0,8,0.5,55,7.46,0.43,0.55,0.03,234,40,726,1.56
47,TUC-15,TUC-15-5,-5,6480,6.4,5.2,9.3,3.6,0,2,0.2,51,6.97,0.4,0.42,0.02,234,40,726,1.50
48,TUC-15,TUC-15-6,-6,6481,6,5,5,1.9,0,2,0.2,45,4.9,0.28,0.37,0.02,254,60,686,1.56
49,TUC-15,TUC-15-7,-7,6482,5.8,5.1,5,1.8,0,2,0,25,4.71,0.27,0.26,0.02,294,40,666,1.45
50,TUC-16,TUC-16-1,-1,6483,5.5,4.1,19.5,2.9,1,23,75.5,28,17.04,0.99,0.77,0.05,194,60,746,1.57
51,TUC-16,TUC-16-2,-2,6484,6,4.4,20.3,4.3,0,17,29.2,27,14.27,0.83,0.88,0.06,214,40,746,1.63
52,TUC-16,TUC-16-3,-3,6485,6.2,4.4,12.8,2.9,0,15,5.6,27,8.78,0.51,0.51,0.03,234,40,726,1.64
53,TUC-16,TUC-16-4,-4,6486,5.8,4.2,6.5,1.9,1,15,0.5,19,09.04,0.52,0.56,0.03,234,20,746,1.60
54,TUC-16,TUC-16-5,-5,6487,5.3,4.1,2.8,1.4,2,16,0.3,19,8.73,0.51,0.44,0.03,254,40,706,1.54
55,TUC-16,TUC-16-6,-6,6488,5.2,4.3,1.6,1.4,2,12,0.2,17,5.44,0.32,0.31,0.02,274,40,686,1.60
56,TUC-16,TUC-16-7,-7,6489,5.4,4.7,2.5,2.4,1,10,0.1,19,04.08,0.24,0.3,0.02,274,60,666,1.58
367,TUC-ARE-Central,TUC-ARE-Central-1,-1,6800,5.6,4.1,20.4,3.9,1,21,60.5,50,20.74,1.2,0.86,0.06,114,60,826,0.00
368,TUC-ARE-Central,TUC-ARE-Central-2,-2,6801,5.9,4.3,19.7,3.9,0,17,24.6,55,13.29,0.77,0.93,0.05,114,60,826,0.00
369,TUC-ARE-Central,TUC-ARE-Central-3,-3,6802,6,4.6,13.1,3.7,0,14,4.8,55,11.7,0.68,0.53,0.03,94,120,786,0.00
370,TUC-ARG-Central,TUC-ARG-Central-1,-1,6803,5.7,4.4,47,13.7,0,19,27.6,87,47.47,2.75,2.99,0.18,214,360,426,0.00
371,TUC-ARG-Central,TUC-ARG-Central-2,-2,6804,5.6,4.2,24.1,7.9,0,17,5.6,70,39.39,2.29,2.33,0.13,274,300,426,0.00
372,TUC-ARG-Central,TUC-ARG-Central-3,-3,6805,5.4,4.3,14.6,5.5,1,16,1.7,55,28.51,1.65,1.69,0.09,294,320,386,0.00
57,AGU-25,AGU-25-1,-1,6490,5.5,3.8,0.2,0.7,11,25,0.6,30,50.49,2.93,03.07,0.16,659,110,231,01.02
58,AGU-25,AGU-25-2,-2,6491,5.5,3.9,0.2,0.6,6,24,0.4,28,40.58,2.35,02.02,0.1,739,110,151,01.08
59,AGU-25,AGU-25-3,-3,6492,5.6,4.1,0.1,0.3,4,21,0.3,20,29.31,1.7,1.56,0.09,769,90,141,1.19
60,AGU-25,AGU-25-4,-4,6493,5.6,4.3,0.2,0.3,2,18,0.1,14,19.51,1.13,1.24,0.06,809,80,111,1.14
61,AGU-25,AGU-25-5,-5,6494,5.7,4.5,0.2,0.1,1,15,0,9,18.1,01.05,1.13,0.06,669,120,211,1.17
62,AGU-25,AGU-25-6,-6,6495,5.7,4.7,0.1,0.1,0,12,0,8,15.81,0.92,01.08,0.06,619,150,231,1.17
63,AGU-25,AGU-25-7,-7,6496,5.8,4.6,0.1,0.1,0,8,0,6,19.51,1.13,1.1,0.05,659,140,201,1.27
64,AGU-26,AGU-26-1,-1,6497,5.4,3.8,0.4,0.7,11,25,0.7,34,44.98,2.61,2.77,0.15,314,180,506,01.03
65,AGU-26,AGU-26-2,-2,6498,5.6,4.1,0,0.3,5,23,0.4,19,27.15,1.57,1.66,0.09,314,220,466,1.18
66,AGU-26,AGU-26-3,-3,6499,5.6,4.1,0,0.3,3,20,0.3,16,24.03,1.39,1.51,0.08,374,220,406,1.21
67,AGU-26,AGU-26-4,-4,6500,5.7,4.4,0,0.1,2,17,0.1,11,19.06,1.11,1.14,0.06,394,240,366,1.23
68,AGU-26,AGU-26-5,-5,6501,5.8,4.6,0.1,0.1,1,15,0,8,16.69,0.97,0.99,0.05,354,280,366,1.17
69,AGU-26,AGU-26-6,-6,6502,5.8,5,0.1,0,0,10,0,5,14.99,0.87,0.84,0.05,354,280,366,1.12
70,AGU-26,AGU-26-7,-7,6503,5.9,5.1,0,0,0,7,0,3,13.72,0.8,0.79,0.04,414,300,286,1.18
71,AGU-27,AGU-27-1,-1,6504,5.5,4.1,0.6,0.7,4,23,5.3,27,30.88,1.79,1.87,0.11,274,240,486,1.16
72,AGU-27,AGU-27-2,-2,6505,5.6,4.4,0.1,0.3,2,21,0.6,19,23.42,1.36,1.26,0.07,334,220,446,1.18
73,AGU-27,AGU-27-3,-3,6506,5.6,4.4,0.1,0.3,2,18,0.3,17,24.44,1.42,1.29,0.07,354,220,426,1.22
74,AGU-27,AGU-27-4,-4,6507,5.7,5,0.2,0.1,1,12,0.2,12,15.22,0.88,0.88,0.05,354,220,426,1.17
75,AGU-27,AGU-27-5,-5,6508,5.7,5.3,0.3,0.1,0,11,0,11,12.06,0.7,0.68,0.04,354,220,426,1.10
76,AGU-27,AGU-27-6,-6,6509,6,5.5,0.2,0,0,3,0,8,9.82,0.57,0.63,0.04,314,300,386,01.03
77,AGU-27,AGU-27-7,-7,6510,6,5.6,0,0,0,2,0,5,9.63,0.56,0.54,0.03,294,280,426,1.16
78,AGU-28,AGU-28-1,-1,6511,5.4,3.8,1.7,1.1,12,25,0.9,31,56.29,3.27,3.51,0.18,703,100,197,0.93
79,AGU-28,AGU-28-2,-2,6512,5.2,3.9,0.5,0.6,7,24,0.5,30,40.82,2.37,1.97,0.11,763,80,157,1.11
80,AGU-28,AGU-28-3,-3,6513,5.4,4.1,0.2,0.4,4,21,1.2,23,33.36,1.93,1.57,0.09,783,100,117,1.15
81,AGU-28,AGU-28-4,-4,6514,5.4,4.3,0.3,0.1,2,20,0.2,17,19.06,1.11,1.2,0.07,825,100,75,1.16
82,AGU-28,AGU-28-5,-5,6515,5.5,4.5,0.2,0.3,1,17,0,14,19.39,1.12,1,0.06,835,80,85,1.14
83,AGU-28,AGU-28-6,-6,6516,5.4,4.7,0.3,0.1,1,13,0,17,14.55,0.84,0.96,0.06,865,70,65,1.11
84,AGU-28,AGU-28-7,-7,6517,5.6,4.7,0.1,0.1,1,10,0,8,16.35,0.95,01.01,0.06,825,100,75,1.30
85,AGU-29,AGU-29-1,-1,6518,5.7,4.3,23.1,5.5,0,18,65.5,76,15.84,0.92,0.84,0.06,127,80,793,1.49
86,AGU-29,AGU-29-2,-2,6519,6,4.8,26.1,6.2,0,13,37.7,50,14.01,0.81,0.8,0.06,127,40,833,1.61
87,AGU-29,AGU-29-3,-3,6520,6.1,4.7,15.2,4.4,0,10,11.3,23,9.93,0.58,0.54,0.04,127,60,813,1.61
88,AGU-29,AGU-29-4,-4,6521,6.1,4.8,10.1,4.7,0,7,1.4,22,6.62,0.38,0.41,0.03,147,60,793,1.59
89,AGU-29,AGU-29-5,-5,6522,6.3,4.9,9,3.7,0,5,0.5,22,7.33,0.43,0.38,0.03,207,20,773,1.49
90,AGU-29,AGU-29-6,-6,6523,5.6,4.5,4.7,1.5,1,5,0.3,20,5.34,0.31,0.36,0.03,207,40,753,1.71
91,AGU-29,AGU-29-7,-7,6524,5.3,4.3,2.6,0.8,2,7,0.2,14,6.97,0.4,0.32,0.02,187,60,753,1.53
92,AGU-30,AGU-30-1,-1,6525,5.1,3.8,15.1,2.2,2,28,89.2,59,19.13,1.11,0.95,0.07,127,40,833,1.53
93,AGU-30,AGU-30-2,-2,6526,5.6,4.2,18.8,2.2,1,20,26.4,67,18.17,01.05,0.8,0.06,127,60,813,1.56
94,AGU-30,AGU-30-3,-3,6527,5.8,4.5,11.9,2.1,1,12,17.5,34,8.65,0.5,0.53,0.04,147,60,793,1.59
95,AGU-30,AGU-30-4,-4,6528,5.8,4.6,7.7,2.8,0,11,0.5,22,6.39,0.37,0.4,0.03,167,60,773,1.56
96,AGU-30,AGU-30-5,-5,6529,5.7,4.5,4.9,2.4,1,9,0.3,20,5.85,0.34,0.41,0.03,167,80,753,1.54
97,AGU-30,AGU-30-6,-6,6530,5,4.2,2,1.2,2,10,0.1,16,4.91,0.28,0.29,0.02,207,60,733,1.59
98,AGU-30,AGU-30-7,-7,6531,5,4.2,1.6,1.1,2,8,0,14,3.56,0.21,0.25,0.02,187,40,773,1.56
99,AGU-31,AGU-31-1,-1,6532,5,3.8,16.6,2.6,2,28,92.2,56,16.88,0.98,0.83,0.06,147,40,813,1.58
100,AGU-31,AGU-31-2,-2,6533,5.5,4.2,19.6,3.6,1,21,27,59,14.99,0.87,0.78,0.07,147,60,793,1.63
101,AGU-31,AGU-31-3,-3,6534,5.6,4.4,11.5,2.5,1,13,2.6,41,8.78,0.51,0.43,0.03,169,20,811,1.64
102,AGU-31,AGU-31-4,-4,6535,5.8,4.6,7.8,2.4,0,12,0.5,20,06.06,0.35,0.44,0.03,229,20,751,1.54
103,AGU-31,AGU-31-5,-5,6536,5.7,4.4,4.8,1.8,1,11,0.3,33,7.95,0.46,0.37,0.02,229,40,731,1.48
104,AGU-31,AGU-31-6,-6,6537,5.1,4.2,2.3,1.2,2,10,0.1,17,10.07,0.58,0.34,0.02,229,40,731,1.52
105,AGU-31,AGU-31-7,-7,6538,5.1,4.2,1.7,1.1,2,10,0,12,16.45,0.95,0.34,0.02,229,40,731,1.53
106,AGU-32,AGU-32-1,-1,6539,5.6,4.2,25.4,5.5,1,21,98.5,8,15.74,0.91,01.06,0.08,149,20,831,1.57
107,AGU-32,AGU-32-2,-2,6540,5.7,4.2,19.4,3.6,1,20,37.5,108,16.15,0.94,0.87,0.08,169,20,811,1.58
108,AGU-32,AGU-32-3,-3,6541,5.9,4.5,14.3,3.6,0,13,17.6,64,9.55,0.55,0.63,0.07,169,20,811,1.62
109,AGU-32,AGU-32-4,-4,6542,6.1,4.8,13,4.2,0,9,7.8,50,7.81,0.45,0.57,0.09,169,60,771,1.52
110,AGU-32,AGU-32-5,-5,6543,6.1,4.8,7.8,3,0,8,0.6,48,5.68,0.33,0.37,0.03,189,40,771,1.50
111,AGU-32,AGU-32-6,-6,6544,5.8,4.4,11.5,2.9,0,6,0.3,37,10.28,0.6,0.57,0.04,209,20,771,1.60
112,AGU-32,AGU-32-7,-7,6545,5.2,4.2,2.6,0.7,2,9,0.1,28,4.95,0.29,0.32,0.02,229,40,731,1.66
113,AGU-33,AGU-33-1,-1,6546,5.6,4.4,50,14.3,1,21,47.7,203,51.12,2.97,3.28,0.21,369,280,351,01.03
114,AGU-33,AGU-33-2,-2,6547,5.5,4.2,25.3,5.7,1,22,9.4,134,38.13,2.21,2.33,0.13,489,240,271,1.15
115,AGU-33,AGU-33-3,-3,6548,5.5,4.4,15.6,3.7,1,17,0.9,105,28.24,1.64,1.76,0.09,689,200,111,1.17
116,AGU-33,AGU-33-4,-4,6549,5.5,4.5,8.2,3.9,1,16,0.4,83,22.83,1.32,1.39,0.07,709,180,111,1.10
117,AGU-33,AGU-33-5,-5,6550,5.4,4.4,5.5,2.8,1,13,0.2,80,20.58,1.19,1.22,0.06,769,200,31,01.07
118,AGU-33,AGU-33-6,-6,6551,5.3,4.4,6.2,2.2,1,12,0.1,75,24.35,1.41,1.24,0.05,769,220,11,1.15
119,AGU-33,AGU-33-7,-7,6552,5.4,4.6,6.2,2.1,1,10,0,73,17.3,1,1.13,0.05,789,160,51,1.18
120,AGU-34,AGU-34-1,-1,6553,5.8,4.4,58.6,14.1,0,24,49.5,187,54.68,3.17,3.64,0.23,329,300,371,01.08
121,AGU-34,AGU-34-2,-2,6554,5.5,4,25.1,5.8,1,20,13.3,144,43.48,2.52,2.41,0.12,574,360,66,1.13
122,AGU-34,AGU-34-3,-3,6555,5.2,4.1,10.5,3,3,18,1.4,119,31.66,1.84,1.88,0.09,814,180,6,1.18
123,AGU-34,AGU-34-4,-4,6556,4.6,4,2.3,1,5,14,0.3,42,23.59,1.37,1.33,0.06,894,100,6,1.10
124,AGU-34,AGU-34-5,-5,6557,4.5,4,1.9,0.8,5,12,0.1,41,20.6,1.19,1.23,0.05,894,100,6,1.13
125,AGU-34,AGU-34-6,-6,6558,4.8,4.1,3.7,1.4,3,11,0,28,17.82,01.03,1.13,0.04,874,120,6,01.09
126,AGU-34,AGU-34-7,-7,6559,4.8,4.2,4.2,2.1,2,9,0,25,16.79,0.97,01.07,0.04,874,120,6,0.96
127,AGU-35,AGU-35-1,-1,6560,5.7,4.4,50.8,12.5,1,21,32.3,218,59.13,3.43,3.38,0.2,534,440,26,1.13
128,AGU-35,AGU-35-2,-2,6561,5.6,4.3,27.8,6,1,18,17.5,145,40.03,2.32,2.49,0.12,674,300,26,1.14
129,AGU-35,AGU-35-3,-3,6562,5.4,4.2,14.1,3.3,1,17,1.9,101,34.12,1.98,2,0.09,834,160,6,1.13
130,AGU-35,AGU-35-4,-4,6563,5.1,4.3,7.2,2.2,2,15,0.4,67,22.23,1.29,1.4,0.06,854,140,6,1.12
131,AGU-35,AGU-35-5,-5,6564,5.2,4.4,5.6,1.7,1,14,0.2,58,20.9,1.21,1.23,0.05,854,140,6,01.02
132,AGU-35,AGU-35-6,-6,6565,5,4.3,6,2.1,1,13,0.1,28,19.66,1.14,1.21,0.05,874,120,6,0.95
133,AGU-35,AGU-35-7,-7,6566,5,4.5,5.9,3,1,12,0,17,16.22,0.94,01.08,0.04,894,100,6,01.07
134,AGU-36,AGU-36-1,-1,6567,5.3,4.1,45.5,11.1,1,29,58,151,58.36,3.39,3.53,0.22,554,320,126,1.11
135,AGU-36,AGU-36-2,-2,6568,5.3,4.1,20.9,4.4,1,28,4.6,125,39.33,2.28,2.19,0.1,754,220,26,1.13
136,AGU-36,AGU-36-3,-3,6569,5.3,4.1,15.1,3.5,2,26,1.6,106,33.26,1.93,2.1,0.09,794,200,6,1.15
137,AGU-36,AGU-36-4,-4,6570,5.3,4.4,6.5,1.5,1,21,0.3,83,22.27,1.29,1.31,0.05,894,100,6,1.17
138,AGU-36,AGU-36-5,-5,6571,5.3,4.4,5.9,1.8,1,17,0.1,76,19.07,1.11,1.19,0.05,874,100,26,01.08
139,AGU-36,AGU-36-6,-6,6572,5.5,4.7,6.5,1.8,1,13,0,75,16.74,0.97,01.03,0.04,874,120,6,1.11
140,AGU-36,AGU-36-7,-7,6573,5.6,4.7,6.6,1.8,0,11,0,70,16.16,0.94,01.02,0.04,874,100,26,1.14
141,AGU-37,AGU-37-1,-1,6574,6.1,4.7,23.9,7.3,0,16,73.5,33,15.54,0.9,0.82,0.05,74,60,866,1.55
142,AGU-37,AGU-37-2,-2,6575,6.3,4.5,16.9,4.3,0,12,75.5,22,10.37,0.6,0.69,0.04,74,20,906,1.65
143,AGU-37,AGU-37-3,-3,6576,6.3,4.5,9,2.6,0,8,61.5,19,6.28,0.36,0.36,0.02,74,60,866,1.67
144,AGU-37,AGU-37-4,-4,6577,6.3,4.4,7.8,2.6,0,7,28.3,14,5.64,0.33,0.3,0.02,74,20,906,1.60
145,AGU-37,AGU-37-5,-5,6578,6,4.2,3.2,1.8,1,4,4.2,9,4.51,0.26,0.28,0.02,94,40,866,1.51
146,AGU-37,AGU-37-6,-6,6579,5.7,4.2,1.7,1.1,2,6,1.9,6,04.07,0.24,0.27,0.02,114,40,846,1.55
147,AGU-37,AGU-37-7,-7,6580,5.3,4,0.7,0.6,3,8,0.6,3,3.79,0.22,0.25,0.02,114,20,866,1.56
148,AGU-38,AGU-38-1,-1,6581,6.1,4.7,27.9,9.8,0,15,115.5,36,12.08,0.7,0.9,0.06,74,40,886,1.55
149,AGU-38,AGU-38-2,-2,6582,6.3,4.5,15.9,5,0,12,82.5,34,11.12,0.64,0.66,0.04,74,7,918,1.66
150,AGU-38,AGU-38-3,-3,6583,6.4,4.5,8.6,3.2,0,8,44.8,30,5.75,0.33,0.47,0.03,94,7,898,1.70
151,AGU-38,AGU-38-4,-4,6584,6.4,4.4,6,1.9,0,7,20.5,28,4.77,0.28,0.32,0.02,74,60,866,1.60
152,AGU-38,AGU-38-5,-5,6585,6,4.2,2.4,1,0,6,5.1,27,4.58,0.27,0.28,0.02,94,40,866,1.58
153,AGU-38,AGU-38-6,-6,6586,5.8,4.1,2.4,1,2,7,2.5,8,4.15,0.24,0.34,0.02,114,40,846,1.65
154,AGU-38,AGU-38-7,-7,6587,5.4,4.1,0.6,0.1,3,8,0.8,3,3.94,0.23,0.31,0.02,114,60,826,1.65
155,AGU-39,AGU-39-1,-1,6588,6.1,4.7,26.2,7.6,0,16,91.2,36,12.54,0.73,1.34,0.08,74,60,866,1.57
156,AGU-39,AGU-39-2,-2,6589,6.3,4.4,17.6,4.7,0,12,71.5,28,10.55,0.61,0.93,0.05,74,20,906,1.66
157,AGU-39,AGU-39-3,-3,6590,6.2,4.3,9.6,2.6,0,11,39.1,25,6.45,0.37,0.39,0.02,74,40,886,1.62
158,AGU-39,AGU-39-4,-4,6591,6.1,4.2,4.5,1.8,0,10,6.9,22,5.75,0.33,0.39,0.02,114,20,866,1.55
159,AGU-39,AGU-39-5,-5,6592,6,4.2,3.2,1.1,1,10,3.1,22,05.02,0.29,0.36,0.02,114,40,846,1.55
160,AGU-39,AGU-39-6,-6,6593,5.6,4.1,1.4,0.1,2,8,0.9,9,4.56,0.26,0.22,0.02,94,40,866,1.56
161,AGU-39,AGU-39-7,-7,6594,5.3,4.1,0.4,<0.1,3,9,0.5,6,3.4,0.2,0.19,0.01,94,20,886,1.58
162,AGU-40,AGU-40-1,-1,6595,5.9,4.5,23.2,7.2,0,21,98.5,39,18.89,1.1,0.76,0.05,74,20,906,1.55
163,AGU-40,AGU-40-2,-2,6596,6.1,4.2,13.8,4.2,0,17,69.5,31,11.15,0.65,0.55,0.03,74,40,886,1.66
164,AGU-40,AGU-40-3,-3,6597,6.2,4.2,8.2,2.4,0,13,36.5,28,7.24,0.42,0.42,0.02,74,40,886,1.65
165,AGU-40,AGU-40-4,-4,6598,6,4.1,2.7,0.4,0,10,18.6,25,4.47,0.26,0.31,0.02,74,60,866,1.55
166,AGU-40,AGU-40-5,-5,6599,5.9,4.1,1.4,0.3,1,8,6.3,23,4.66,0.27,0.27,0.02,74,40,886,1.51
167,AGU-40,AGU-40-6,-6,6600,5.5,4.1,0.6,0.6,2,9,0.7,12,04.04,0.23,0.25,0.02,94,7,898,1.56
168,AGU-40,AGU-40-7,-7,6601,5.3,4,0.3,0.1,3,10,0.4,6,3.32,0.19,0.2,0.02,74,20,906,1.55
337,AGU-ARE-Central,AGU-ARE-Central-1,-1,6770,5.6,4.2,29.3,4.7,1,20,125,48,17.48,01.01,1,0.07,94,40,866,0.00
338,AGU-ARE-Central,AGU-ARE-Central-2,-2,6771,5.8,4.3,19.4,4.8,0,17,33.7,64,11.79,0.68,0.81,0.05,94,80,826,0.00
339,AGU-ARE-Central,AGU-ARE-Central-3,-3,6772,5.9,4.6,14.8,3.3,0,14,7.6,34,9.53,0.55,0.42,0.03,94,80,826,0.00
340,AGU-ARG-Central,AGU-ARG-Central-1,-1,6773,6.1,4.7,62.3,18.8,0,13,27.5,187,58.84,3.41,3.43,0.21,174,320,506,0.00
341,AGU-ARG-Central,AGU-ARG-Central-2,-2,6774,5.9,4.4,27.3,7.2,0,12,6,120,39.71,2.3,2.22,0.11,549,160,291,0.00
342,AGU-ARG-Central,AGU-ARG-Central-3,-3,6775,5.7,4.3,14.6,4.7,1,11,2.1,86,30.61,1.78,1.82,0.09,559,140,301,0.00
343,AGU-BRA-Central,AGU-BRA-Central-1,-1,6776,5.9,4,0.2,0.6,5,15,0.7,30,39.69,2.3,2.1,0.12,499,170,331,0.00
344,AGU-BRA-Central,AGU-BRA-Central-2,-2,6777,5.8,4.1,<0.1,0.3,3,13,0.4,19,27.31,1.58,1.49,0.08,314,240,446,0.00
345,AGU-BRA-Central,AGU-BRA-Central-3,-3,6778,5.8,4.3,<0.1,0.3,2,12,0.2,14,23.4,1.36,1.39,0.08,314,240,446,0.00
346,AGU-NAT-Central,AGU-NAT-Central-1,-1,6779,6.2,4.8,31.7,9.6,0,10,98.5,31,22.48,1.3,1.37,0.08,54,60,886,0.00
347,AGU-NAT-Central,AGU-NAT-Central-2,-2,6780,6.2,4.5,16.3,5.4,0,9,52.2,19,11.45,0.66,0.5,0.03,54,60,886,0.00
348,AGU-NAT-Central,AGU-NAT-Central-3,-3,6781,6.2,4.6,10.6,3.9,0,7,37.7,17,7.23,0.42,0.34,0.02,54,60,886,0.00
169,ITA-41,ITA-41-1,-1,6602,5.7,3.9,0.3,<0.1,5,23,0.8,31,17.86,01.04,01.02,0.06,174,40,786,1.40
170,ITA-41,ITA-41-2,-2,6603,5.5,3.9,<0.1,<0.1,5,21,0.6,16,13.01,0.75,0.78,0.05,194,20,786,1.48
171,ITA-41,ITA-41-3,-3,6604,5.4,3.9,<0.1,<0.1,5,18,0.5,11,10.31,0.6,0.34,0.02,214,60,726,1.45
172,ITA-41,ITA-41-4,-4,6605,5.4,4,<0.1,<0.1,4,15,0.3,8,8.26,0.48,0.39,0.02,194,20,786,1.51
173,ITA-41,ITA-41-5,-5,6606,5.4,4.1,<0.1,<0.1,4,12,0.1,5,6.76,0.39,0.33,0.02,234,20,746,1.42
174,ITA-41,ITA-41-6,-6,6607,5.4,4.1,<0.1,<0.1,3,10,0,3,5.25,0.3,0.29,0.01,234,40,726,1.50
175,ITA-41,ITA-41-7,-7,6608,5.4,4.1,<0.1,<0.1,2,9,0,2,5.52,0.32,0.47,0.02,254,40,706,1.41
176,ITA-42,ITA-42-1,-1,6609,5.6,3.9,0.2,<0.1,5,24,0.7,19,13.66,0.79,0.69,0.04,194,20,786,1.48
177,ITA-42,ITA-42-2,-2,6610,5.4,3.9,0.3,<0.1,5,21,0.6,19,12.32,0.71,0.35,0.02,214,20,766,1.48
178,ITA-42,ITA-42-3,-3,6611,5.5,3.9,0.1,<0.1,4,17,0.5,16,10.97,0.64,0.51,0.03,194,20,786,1.50
179,ITA-42,ITA-42-4,-4,6612,5.5,4.1,0.3,<0.1,4,14,0.3,14,8.35,0.48,0.44,0.03,214,20,766,1.56
180,ITA-42,ITA-42-5,-5,6613,5.5,4.1,0.3,<0.1,3,12,0.2,12,8,0.46,0.34,0.02,234,40,726,1.44
181,ITA-42,ITA-42-6,-6,6614,5.5,4.2,0.2,<0.1,2,10,0.1,9,6.57,0.38,0.39,0.02,234,40,726,1.43
182,ITA-42,ITA-42-7,-7,6615,5.4,4.2,0.1,<0.1,2,9,0,6,7.91,0.46,0.42,0.02,254,20,726,1.52
183,ITA-43,ITA-43-1,-1,6616,5.2,3.9,0.4,0.1,5,29,1.3,34,16.13,0.94,0.97,0.06,174,40,786,1.36
184,ITA-43,ITA-43-2,-2,6617,5.3,3.9,<0.1,<0.1,5,26,0.8,23,11.88,0.69,0.69,0.04,174,20,806,1.37
185,ITA-43,ITA-43-3,-3,6618,5.2,3.9,<0.1,<0.1,5,23,0.5,20,10.69,0.62,0.63,0.04,174,20,806,1.51
186,ITA-43,ITA-43-4,-4,6619,5.4,4,<0.1,<0.1,4,18,0.3,14,10.01,0.58,0.38,0.02,234,20,746,1.43
187,ITA-43,ITA-43-5,-5,6620,5.4,4.1,<0.1,<0.1,2,15,0.2,11,6.18,0.36,0.37,0.02,214,40,746,1.35
188,ITA-43,ITA-43-6,-6,6621,5.3,4.2,<0.1,<0.1,2,12,0.1,11,5.64,0.33,0.41,0.02,254,20,726,1.40
189,ITA-43,ITA-43-7,-7,6622,5.4,4.2,<0.1,<0.1,2,10,0,8,6,0.35,0.47,0.02,254,20,726,1.42
190,ITA-44,ITA-44-1,-1,6623,5.8,3.9,0.4,<0.1,4,21,1,28,13.26,0.77,0.95,0.06,174,20,806,1.36
191,ITA-44,ITA-44-2,-2,6624,5.6,4,0.1,<0.1,4,18,0.9,22,10,0.58,0.65,0.04,174,60,766,1.45
192,ITA-44,ITA-44-3,-3,6625,5.6,4,0.1,<0.1,4,15,0.6,19,9.37,0.54,0.56,0.03,214,40,746,1.50
193,ITA-44,ITA-44-4,-4,6626,5.6,4,<0.1,<0.1,3,13,0.3,14,7.65,0.44,0.51,0.03,214,40,746,1.47
194,ITA-44,ITA-44-5,-5,6627,5.5,4.1,0.9,0.3,2,12,0.2,12,6.87,0.4,0.54,0.03,254,20,726,1.38
195,ITA-44,ITA-44-6,-6,6628,5.6,4.1,0.9,0.1,2,8,0.1,9,5.99,0.35,0.35,0.02,254,20,726,1.36
196,ITA-44,ITA-44-7,-7,6629,5.5,4.2,0.9,0.1,2,7,0,6,6.92,0.4,0.4,0.02,254,40,706,1.44
197,ITA-45,ITA-45-1,-1,6630,5.8,4.6,40.2,19.1,0,20,27.5,128,46.14,2.68,2.36,0.13,454,200,346,1.10
198,ITA-45,ITA-45-2,-2,6631,5.5,4.2,21,5.4,1,18,15.6,98,40.23,2.33,3.25,0.2,534,180,286,1.27
199,ITA-45,ITA-45-3,-3,6632,5.3,4.1,10.8,4.2,2,17,2.4,70,30.8,1.79,1.71,0.08,674,100,226,1.32
200,ITA-45,ITA-45-4,-4,6633,5.2,4.2,4.1,1.5,2,15,0.5,67,19.46,1.13,1.35,0.06,734,100,166,1.29
201,ITA-45,ITA-45-5,-5,6634,5.4,4.4,4.9,2.1,1,12,0.3,64,15.86,0.92,01.08,0.05,774,60,166,1.31
202,ITA-45,ITA-45-6,-6,6635,5.5,4.7,5,3.5,1,8,0.1,58,14.79,0.86,0.96,0.05,774,80,146,1.21
203,ITA-45,ITA-45-7,-7,6636,5.7,4.9,6.3,3.6,0,6,0,55,12.83,0.74,0.88,0.04,774,80,146,1.12
204,ITA-46,ITA-46-1,-1,6637,5.9,4.5,32.6,12.6,0,18,28.5,151,40.61,2.36,2.55,0.16,474,200,326,1.14
205,ITA-46,ITA-46-2,-2,6638,5.8,4.2,24.3,6.1,1,17,15.1,112,39.06,2.27,2.11,0.12,554,200,246,1.23
206,ITA-46,ITA-46-3,-3,6639,5.6,4.3,13.6,4,1,16,2.2,87,29.78,1.73,1.86,0.09,694,140,166,1.30
207,ITA-46,ITA-46-4,-4,6640,5.5,4.4,14,5,1,14,1.8,84,25.84,1.5,1.47,0.07,734,100,166,1.24
208,ITA-46,ITA-46-5,-5,6641,5.5,4.4,10.3,4.6,1,13,0.9,58,20.64,1.2,1.3,0.06,754,100,146,1.24
209,ITA-46,ITA-46-6,-6,6642,5.4,4.5,7,3.9,1,10,0.4,44,18.27,01.06,1.17,0.05,754,100,146,1.24
210,ITA-46,ITA-46-7,-7,6643,5.6,4.7,6.3,4,0,8,0.2,41,15.52,0.9,0.99,0.05,774,100,126,1.21
211,ITA-47,ITA-47-1,-1,6644,5.6,4.4,31.2,13.3,1,22,27.8,153,47.45,2.75,2.95,0.18,454,220,326,1.14
212,ITA-47,ITA-47-2,-2,6645,5.5,4.1,20.8,4.3,2,20,22.2,125,41.31,2.4,2.44,0.13,554,180,266,1.20
213,ITA-47,ITA-47-3,-3,6646,5.2,4.1,8.9,2.5,2,18,1.7,86,30.29,1.76,1.6,0.08,734,80,186,1.25
214,ITA-47,ITA-47-4,-4,6647,5.1,4.1,5.3,1.4,2,16,0.5,73,20.55,1.19,1.21,0.06,754,100,146,1.16
215,ITA-47,ITA-47-5,-5,6648,5.1,4.4,6.1,2.1,1,14,0.3,56,17.91,01.04,1.1,0.05,774,100,126,01.09
216,ITA-47,ITA-47-6,-6,6649,5.3,4.5,6.1,2.1,1,12,0.1,48,17.39,01.01,0.98,0.05,814,100,86,1.15
217,ITA-47,ITA-47-7,-7,6650,5.6,4.8,5.2,2.2,0,9,0,44,14.13,0.82,0.95,0.05,840,100,60,1.00
218,ITA-48,ITA-48-1,-1,6651,5.9,4.6,33.5,14.3,0,18,27.6,172,36.22,2.1,2.65,0.16,800,60,140,1.18
219,ITA-48,ITA-48-2,-2,6652,6,4.5,31.1,9.7,0,15,19.6,128,36.49,2.12,2.25,0.12,680,160,160,1.20
220,ITA-48,ITA-48-3,-3,6653,5.7,4.4,22.2,5.4,1,14,3.5,97,29.83,1.73,1.86,0.09,760,120,120,1.31
221,ITA-48,ITA-48-4,-4,6654,5.4,4.2,6.9,2.2,1,14,0.7,70,20.81,1.21,1.31,0.06,760,120,120,1.21
222,ITA-48,ITA-48-5,-5,6655,5.2,4.4,7.4,3.3,1,13,0.5,45,18.14,01.05,1.15,0.05,760,140,100,1.23
223,ITA-48,ITA-48-6,-6,6656,5.3,4.7,5.7,3.7,0,12,0.3,42,14.48,0.84,0.9,0.04,760,120,120,1.19
224,ITA-48,ITA-48-7,-7,6657,5.3,4.7,6.3,4.3,0,11,0.1,37,14.41,0.84,0.91,0.04,760,160,80,1.16
225,ITA-49,ITA-49-1,-1,6658,6.2,4.6,20.3,6.4,0,10,40.9,56,10.65,0.62,0.71,0.05,220,20,760,1.53
226,ITA-49,ITA-49-2,-2,6659,6.2,4.6,17.8,3.9,0,10,28.9,69,11.19,0.65,0.79,0.05,220,20,760,1.57
227,ITA-49,ITA-49-3,-3,6660,6.4,5,15.8,4.6,0,2,6.2,61,7.89,0.46,0.58,0.03,220,40,740,1.69
228,ITA-49,ITA-49-4,-4,6661,6.4,4.8,7.6,2.6,0,2,0.4,42,5.79,0.34,0.42,0.02,240,60,700,1.50
229,ITA-49,ITA-49-5,-5,6662,6.1,4.8,6.8,3.2,0,6,0.3,33,5.74,0.33,0.36,0.02,240,40,720,1.49
230,ITA-49,ITA-49-6,-6,6663,5.7,4.6,4.6,2.4,0,7,0.2,31,4.13,0.24,0.35,0.02,240,60,700,1.47
231,ITA-49,ITA-49-7,-7,6664,5.2,4.4,3,1.5,1,10,0.1,28,3.94,0.23,0.28,0.01,240,20,740,1.53
232,ITA-50,ITA-50-1,-1,6665,6,4.6,24.6,8.7,0,16,82.5,53,17.55,01.02,01.09,0.07,240,20,740,1.47
233,ITA-50,ITA-50-2,-2,6666,6.1,4.4,20.3,4,0,16,18.2,69,16.88,0.98,0.82,0.05,240,20,740,1.57
234,ITA-50,ITA-50-3,-3,6667,6.3,4.7,13.2,3.9,0,11,9.3,50,9.94,0.58,0.68,0.03,220,40,740,1.61
235,ITA-50,ITA-50-4,-4,6668,5.8,4.4,6.8,2.4,0,10,0.4,41,8.23,0.48,0.59,0.03,280,20,700,1.58
236,ITA-50,ITA-50-5,-5,6669,5.4,4.3,3.6,1.7,1,10,0.2,37,6.18,0.36,0.41,0.02,280,20,700,1.55
237,ITA-50,ITA-50-6,-6,6670,5.2,4.2,2.4,1.5,1,10,0,30,5.32,0.31,0.38,0.02,300,20,680,1.54
238,ITA-50,ITA-50-7,-7,6671,5,4.3,3.2,2.1,1,11,0,28,4.99,0.29,0.32,0.02,260,40,700,1.46
239,ITA-51,ITA-51-1,-1,6672,5.7,4.5,23.6,7.9,0,19,27.9,53,18.66,01.08,1.3,0.08,240,20,740,1.49
240,ITA-51,ITA-51-2,-2,6673,5.8,4.5,24,7.5,0,18,21.2,109,19.01,1.1,01.08,0.06,240,40,720,1.57
241,ITA-51,ITA-51-3,-3,6674,5.8,4.5,16.9,7.2,0,16,4.1,72,12.62,0.73,01.05,0.05,231,20,749,1.56
242,ITA-51,ITA-51-4,-4,6675,5.9,4.6,11.7,7.2,0,13,0.4,56,9.67,0.56,0.74,0.03,231,40,729,1.48
243,ITA-51,ITA-51-5,-5,6676,5.5,4.2,3.9,3,1,12,0.2,56,12.09,0.7,0.58,0.03,231,60,709,1.44
244,ITA-51,ITA-51-6,-6,6677,5.1,4.2,2.3,2.5,2,11,0.1,48,08.06,0.47,0.5,0.03,291,80,629,1.40
245,ITA-51,ITA-51-7,-7,6678,5,4.2,3.1,1.8,2,11,0,22,5.54,0.32,0.48,0.02,291,20,689,1.40
246,ITA-52,ITA-52-1,-1,6679,6.2,4.7,24.1,8.6,0,13,36.5,61,16.55,0.96,0.85,0.06,211,20,769,1.59
247,ITA-52,ITA-52-2,-2,6680,6.3,4.4,14.2,5.1,0,12,13.3,59,12.59,0.73,0.68,0.04,211,20,769,1.63
248,ITA-52,ITA-52-3,-3,6681,6.3,4.7,11.4,5.5,0,10,2.7,42,9.24,0.54,0.55,0.03,211,40,749,1.61
249,ITA-52,ITA-52-4,-4,6682,6.2,4.6,7.1,2.9,0,10,0.4,42,8.56,0.5,0.46,0.02,231,60,709,1.54
250,ITA-52,ITA-52-5,-5,6683,5.9,4.4,5.3,2.1,0,6,0.2,37,8.35,0.48,0.5,0.02,271,20,709,1.50
251,ITA-52,ITA-52-6,-6,6684,5.5,4.3,2.3,1,1,10,0,28,6.23,0.36,0.47,0.02,271,40,689,1.51
252,ITA-52,ITA-52-7,-7,6685,5.3,4.2,1.1,1,2,10,0,28,5.79,0.34,0.37,0.02,251,40,709,1.51
349,ITA-ARE-Central,ITA-ARE-Central-1,-1,6782,6.3,4.9,26.5,10.1,0,8,44.7,50,17.47,01.01,0.84,0.06,94,40,866,0.00
350,ITA-ARE-Central,ITA-ARE-Central-2,-2,6783,6.3,4.5,22.7,5,0,7,23.6,42,13.13,0.76,0.64,0.04,114,80,806,0.00
351,ITA-ARE-Central,ITA-ARE-Central-3,-3,6784,6.3,4.7,14.1,3.7,0,6,4.2,34,8.78,0.51,0.52,0.03,114,80,806,0.00
352,ITA-ARG-Central,ITA-ARG-Central-1,-1,6785,5.5,4.1,24.6,6.9,1,21,28.3,105,38.68,2.24,2.4,0.15,214,280,506,0.00
353,ITA-ARG-Central,ITA-ARG-Central-2,-2,6786,5.6,4.2,25.5,3.7,1,20,12.2,129,36.61,2.12,02.07,0.12,254,280,466,0.00
354,ITA-ARG-Central,ITA-ARG-Central-3,-3,6787,5.5,4.2,16.2,2.9,2,18,5.4,97,29.36,1.7,1.74,0.09,274,300,426,0.00
355,ITA-NAT-Central,ITA-NAT-Central-1,-1,6788,5.3,4,0.4,0.7,5,22,0.9,48,14.64,0.85,0.71,0.05,94,40,866,0.00
356,ITA-NAT-Central,ITA-NAT-Central-2,-2,6789,5.7,4,<0.1,0.1,4,19,0.4,12,13.38,0.78,0.81,0.05,74,80,846,0.00
357,ITA-NAT-Central,ITA-NAT-Central-3,-3,6790,5.7,4,<0.1,0.1,3,17,0.2,8,9.53,0.55,0.5,0.03,74,80,846,0.00
253,TAN-53,TAN-53-1,-1,6686,4.2,3.5,0.8,0.4,17,31,2.3,66,41.36,2.4,2.28,0.15,431,20,549,01.03
254,TAN-53,TAN-53-2,-2,6687,4.3,3.7,0.4,0.1,12,30,0.9,19,24.75,1.44,1.54,0.11,451,40,509,1.16
255,TAN-53,TAN-53-3,-3,6688,4.7,3.9,<0.1,0.1,9,27,0.6,12,16.97,0.98,1.13,0.07,491,40,469,1.13
256,TAN-53,TAN-53-4,-4,6689,5,4,<0.1,0.1,7,24,0.3,11,13.23,0.77,0.83,0.05,511,100,389,1.19
257,TAN-53,TAN-53-5,-5,6690,5,4.1,<0.1,0.1,5,18,0.1,6,11.25,0.65,0.63,0.04,551,60,389,1.23
258,TAN-53,TAN-53-6,-6,6691,4.9,4.3,<0.1,1.7,3,16,0,5,07.02,0.41,0.51,0.03,571,40,389,1.21
259,TAN-53,TAN-53-7,-7,6692,4.9,4.6,<0.1,0.7,2,12,0,3,6.34,0.37,0.51,0.03,571,60,369,1.16
260,TAN-54,TAN-54-1,-1,6693,4.2,3.4,0.7,0.4,18,30,2.5,44,53.37,3.1,3.11,0.2,451,60,489,0.99
261,TAN-54,TAN-54-2,-2,6694,4.5,3.8,<0.1,0.3,12,26,1.4,25,26.35,1.53,1.7,0.11,411,60,529,1.11
262,TAN-54,TAN-54-3,-3,6695,4.7,3.9,<0.1,0.4,9,24,0.9,17,17.22,1,1.13,0.07,471,40,489,1.16
263,TAN-54,TAN-54-4,-4,6696,4.9,4.1,0.2,0.3,7,20,0.4,14,12.98,0.75,0.81,0.06,491,80,429,1.26
264,TAN-54,TAN-54-5,-5,6697,5.4,4.1,0.1,0.1,6,17,0.1,12,13.42,0.78,0.72,0.04,531,80,389,1.16
265,TAN-54,TAN-54-6,-6,6698,4.9,4.1,<0.1,0.3,4,13,0,9,13.09,0.76,0.62,0.04,531,80,389,1.16
266,TAN-54,TAN-54-7,-7,6699,4.9,4.2,<0.1,0.1,3,12,0,6,9.8,0.57,0.45,0.03,574,40,386,1.31
267,TAN-55,TAN-55-1,-1,6700,4.2,3.4,0.6,1.9,18,30,1.8,67,48.67,2.82,2.73,0.17,454,40,506,0.97
268,TAN-55,TAN-55-2,-2,6701,4.2,3.7,<0.1,0.8,13,29,1.2,28,28.01,1.62,1.5,0.11,454,40,506,1.12
269,TAN-55,TAN-55-3,-3,6702,4.5,3.9,<0.1,0.4,10,26,0.6,19,18.83,01.09,1.15,0.08,454,40,506,1.12
270,TAN-55,TAN-55-4,-4,6703,4.8,3.9,<0.1,0.3,7,21,0.3,16,13.45,0.78,0.83,0.06,514,40,446,1.14
271,TAN-55,TAN-55-5,-5,6704,4.5,4,<0.1,0.1,6,17,0.1,11,12.35,0.72,0.76,0.06,534,40,426,1.17
272,TAN-55,TAN-55-6,-6,6705,4.5,4.1,<0.1,0.1,5,13,0,6,9.37,0.54,0.54,0.03,554,20,426,1.21
273,TAN-55,TAN-55-7,-7,6706,4.4,4.2,<0.1,0.1,3,12,0,3,8.1,0.47,0.48,0.03,614,40,346,1.16
274,TAN-56,TAN-56-1,-1,6707,4.6,3.5,0.2,1.1,17,28,2.7,41,52.43,03.04,2.68,0.17,474,100,426,1.12
275,TAN-56,TAN-56-2,-2,6708,4.6,3.8,<0.1,0.6,12,23,1.4,31,25.84,1.5,1.77,0.11,474,20,506,01.02
276,TAN-56,TAN-56-3,-3,6709,4.5,4,0.1,0.7,10,21,0.9,28,20.53,1.19,01.04,0.07,474,100,426,1.10
277,TAN-56,TAN-56-4,-4,6710,4.7,4,0.2,0.4,8,19,0.5,27,15.42,0.89,0.9,0.05,534,40,426,1.21
278,TAN-56,TAN-56-5,-5,6711,4.8,4.1,<0.1,0.3,5,15,0.3,22,10.95,0.63,0.68,0.04,594,60,346,1.24
279,TAN-56,TAN-56-6,-6,6712,4.9,4.3,<0.1,0.1,3,12,0,19,7.42,0.43,0.49,0.03,594,40,366,1.14
280,TAN-56,TAN-56-7,-7,6713,4.9,4.4,<0.1,0.1,2,10,0,14,6.47,0.38,0.36,0.02,594,40,366,1.16
281,TAN-57,TAN-57-1,-1,6714,6.2,4.8,27.3,11.8,0,12,28.9,117,19.97,1.16,1.15,0.09,434,40,526,1.51
282,TAN-57,TAN-57-2,-2,6715,6.3,5.3,26.3,13.4,0,10,22.1,66,16.97,0.98,01.04,0.08,434,40,526,1.51
283,TAN-57,TAN-57-3,-3,6716,6.3,5,15.5,10.9,0,8,5.5,59,11.42,0.66,0.75,0.05,474,80,446,1.54
284,TAN-57,TAN-57-4,-4,6717,6.1,4.8,8,7.9,0,6,0.7,34,8.86,0.51,0.57,0.04,454,80,466,1.39
285,TAN-57,TAN-57-5,-5,6718,5.9,5,7.2,5.1,0,4,0.6,28,6.61,0.38,0.44,0.03,494,80,426,1.39
286,TAN-57,TAN-57-6,-6,6719,5.8,5.3,6.5,3.9,0,6,0.3,25,5.93,0.34,0.38,0.03,534,40,426,1.27
287,TAN-57,TAN-57-7,-7,6720,5.8,5.5,6.8,4,0,4,0,12,5.34,0.31,0.3,0.03,514,60,426,1.37
288,TAN-58,TAN-58-1,-1,6721,6.1,4.6,24.3,8.7,0,17,41,156,26.56,1.54,1.23,0.1,554,60,386,1.41
289,TAN-58,TAN-58-2,-2,6722,6.3,5.2,24,12.7,0,14,17,80,17.82,01.03,01.08,0.09,414,60,526,1.49
290,TAN-58,TAN-58-3,-3,6723,6.1,4.8,15.1,10.9,0,12,3.7,59,12.23,0.71,0.74,0.06,434,60,506,1.53
291,TAN-58,TAN-58-4,-4,6724,5.4,4.2,4.8,4,2,12,3.2,55,10.04,0.58,0.8,0.05,494,60,446,1.48
292,TAN-58,TAN-58-5,-5,6725,5.2,4.3,4,3,2,12,0.7,53,7.79,0.45,0.51,0.04,534,20,446,1.45
293,TAN-58,TAN-58-6,-6,6726,5.4,4.7,8.5,4.6,1,10,0.3,51,8.44,0.49,0.49,0.04,554,20,426,1.42
294,TAN-58,TAN-58-7,-7,6727,5.6,5.1,6.4,3.9,0,9,0.2,50,6.82,0.4,0.37,0.03,574,40,386,1.44
295,TAN-59,TAN-59-1,-1,6728,6.1,4.8,26.3,10.9,0,15,41.3,147,21.93,1.27,1.27,0.11,434,40,526,1.50
296,TAN-59,TAN-59-2,-2,6729,6.2,5.2,29,14.4,0,14,31.2,105,20.14,1.17,1.11,0.09,414,40,546,1.46
297,TAN-59,TAN-59-3,-3,6730,6.2,5,14.8,10.1,0,12,12,75,12.26,0.71,0.65,0.06,454,40,506,1.58
298,TAN-59,TAN-59-4,-4,6731,6,4.7,7.1,7.1,0,10,1.3,72,9.81,0.57,0.53,0.04,494,60,446,1.41
299,TAN-59,TAN-59-5,-5,6732,5.5,4.5,4.9,4.6,1,10,0.7,47,08.09,0.47,0.55,0.05,534,40,426,1.37
300,TAN-59,TAN-59-6,-6,6733,5.5,4.8,7.6,3.2,1,10,0.4,44,7.79,0.45,0.42,0.04,554,20,426,1.40
301,TAN-59,TAN-59-7,-7,6734,5.8,5.2,8.2,3.7,0,7,0.3,42,5.88,0.34,0.31,0.03,554,20,426,1.36
302,TAN-60,TAN-60-1,-1,6735,6.4,4.7,29.3,11.6,0,4,24.5,109,20.43,1.19,1.15,0.09,434,40,526,1.42
303,TAN-60,TAN-60-2,-2,6736,6.5,5.3,25.4,14.3,0,2,21.2,83,19.09,1.11,1.19,0.09,434,80,486,1.47
304,TAN-60,TAN-60-3,-3,6737,6.4,5.2,19.7,13.7,0,1,15.9,72,16.46,0.95,0.82,0.07,474,40,486,1.55
305,TAN-60,TAN-60-4,-4,6738,5.6,4.3,4,4.3,1,9,1.3,66,9.41,0.55,0.56,0.04,554,20,426,1.44
306,TAN-60,TAN-60-5,-5,6739,5.8,4.7,4.5,3.9,1,7,0.5,58,6.8,0.39,0.58,0.05,554,20,426,1.33
307,TAN-60,TAN-60-6,-6,6740,5.8,5.2,6.5,3.9,0,7,0.3,44,06.02,0.35,0.39,0.03,554,20,426,1.35
308,TAN-60,TAN-60-7,-7,6741,5.4,5.2,4.6,3,0,9,0.2,28,5.42,0.31,0.4,0.03,514,40,446,1.41
309,TAN-69,TAN-69-1,-1,6742,6.4,5.2,22.5,14,0,4,27.8,50,20.96,1.22,01.04,0.08,214,40,746,1.50
310,TAN-69,TAN-69-2,-2,6743,6.4,4.9,17.2,6.4,0,2,22.4,75,12.32,0.71,0.66,0.05,234,20,746,1.61
311,TAN-69,TAN-69-3,-3,6744,6.5,5,15.6,6.8,0,1,11.9,70,11.98,0.7,0.67,0.05,234,60,706,1.59
312,TAN-69,TAN-69-4,-4,6745,6.2,4.8,7.1,4.6,0,4,0.7,44,11.08,0.64,0.42,0.03,254,20,726,1.48
313,TAN-69,TAN-69-5,-5,6746,5.9,4.4,3.4,2.9,1,7,0.6,41,11.42,0.66,0.43,0.03,274,20,706,1.41
314,TAN-69,TAN-69-6,-6,6747,5.4,4.4,2,3,1,9,0.4,34,10.11,0.59,0.32,0.02,274,20,706,1.51
315,TAN-69,TAN-69-7,-7,6748,5.5,4.9,2.1,3.6,0,8,0.3,25,7.89,0.46,0.26,0.02,294,20,686,1.37
316,TAN-70,TAN-70-1,-1,6749,6.3,5.1,23.4,15,0,5,44.5,59,21.57,1.25,1.18,0.09,174,40,786,1.56
317,TAN-70,TAN-70-2,-2,6750,6.3,4.8,22.3,7.1,0,4,27.2,64,20.34,1.18,0.86,0.06,194,20,786,1.61
318,TAN-70,TAN-70-3,-3,6751,6.4,4.8,19.5,7.1,0,1,16.8,58,12.12,0.7,0.64,0.05,214,20,766,1.63
319,TAN-70,TAN-70-4,-4,6752,5.7,4.2,3.6,3,1,10,1.4,27,7.5,0.43,0.41,0.03,254,20,726,1.47
320,TAN-70,TAN-70-5,-5,6753,5.4,4.2,2,2.6,2,9,0.7,23,6.97,0.4,0.44,0.03,254,20,726,1.46
321,TAN-70,TAN-70-6,-6,6754,5.2,4.5,2.1,2.8,3,10,0.3,14,5.37,0.31,0.26,0.02,294,20,686,1.40
322,TAN-70,TAN-70-7,-7,6755,5.2,4.8,1.4,3.2,1,9,0.1,9,3.76,0.22,0.24,0.02,294,20,686,1.35
323,TAN-71,TAN-71-1,-1,6756,6.2,4.8,17.4,8.6,0,13,28.5,70,11.76,0.68,0.73,0.05,214,40,746,1.48
324,TAN-71,TAN-71-2,-2,6757,6.2,4.9,24.4,9.7,0,12,22.5,59,17.31,1,1.14,0.08,174,60,766,1.56
325,TAN-71,TAN-71-3,-3,6758,6.1,5.4,26.5,17.2,0,4,6.2,31,21.25,1.23,1.38,0.1,154,60,786,1.61
326,TAN-71,TAN-71-4,-4,6759,6.4,5.2,13,6.9,0,1,1.4,25,9.16,0.53,0.45,0.03,234,20,746,1.63
327,TAN-71,TAN-71-5,-5,6760,5.9,4.5,5.4,4.3,0,9,0.7,22,08.06,0.47,0.42,0.03,254,40,706,1.69
328,TAN-71,TAN-71-6,-6,6761,5.2,4.2,1.3,1.5,3,11,0.2,19,5.91,0.34,0.36,0.02,274,20,706,1.55
329,TAN-71,TAN-71-7,-7,6762,4.9,4.3,1.4,2.1,2,9,0.1,12,4.56,0.26,0.25,0.02,334,20,646,1.48
330,TAN-72,TAN-72-1,-1,6763,6.5,5.2,21.8,13.8,0,2,42,55,16.63,0.96,0.79,0.06,174,80,746,1.41
331,TAN-72,TAN-72-2,-2,6764,6.5,4.8,24.1,7.9,0,1,31.1,67,15.1,0.88,0.74,0.06,134,120,746,1.62
332,TAN-72,TAN-72-3,-3,6765,6.7,5.2,17.5,6.9,0,0,12.7,69,10.96,0.64,0.58,0.04,134,120,746,1.60
333,TAN-72,TAN-72-4,-4,6766,6.2,4.6,6.4,2.9,0,4,0.7,47,7.24,0.42,0.42,0.03,174,140,686,1.52
334,TAN-72,TAN-72-5,-5,6767,5.6,4.3,3.5,2.5,1,5,0.6,22,6.3,0.37,0.37,0.03,234,120,646,1.55
335,TAN-72,TAN-72-6,-6,6768,5.3,4.5,2.3,3,1,10,0.5,19,5.25,0.3,0.25,0.02,234,120,646,1.33
336,TAN-72,TAN-72-7,-7,6769,5.5,5.1,3.3,3.9,0,7,0.2,16,5.27,0.31,0.21,0.02,174,180,646,1.63
358,TAN-ARE-Central,TAN-ARE-Central-1,-1,6791,6.1,4.8,21,12.9,0,13,24.8,122,19.71,1.14,0.97,0.07,114,100,786,0.00
359,TAN-ARE-Central,TAN-ARE-Central-2,-2,6792,6.1,4.3,16.4,5.4,0,11,18.9,75,20.29,1.18,0.92,0.07,114,140,746,0.00
360,TAN-ARE-Central,TAN-ARE-Central-3,-3,6793,6,4.3,13.4,4.8,0,9,16.9,44,13.86,0.8,0.82,0.06,134,100,766,0.00
361,TAN-ARG-Central,TAN-ARG-Central-1,-1,6794,6,4.5,26.5,9.4,0,13,29.5,172,24.63,1.43,1.36,0.11,234,180,586,0.00
362,TAN-ARG-Central,TAN-ARG-Central-2,-2,6795,6.7,5.2,35.1,17.7,0,11,22.6,94,26.17,1.52,1.45,0.1,194,220,586,0.00
363,TAN-ARG-Central,TAN-ARG-Central-3,-3,6796,6.1,4.7,16.6,11.4,0,9,6.9,50,15.32,0.89,0.9,0.06,254,220,526,0.00
364,TAN-NAT-Central,TAN-NAT-Central-1,-1,6797,4.9,3.5,0.4,2.1,14,26,4,83,46.26,2.68,2.69,0.18,314,140,546,0.00
365,TAN-NAT-Central,TAN-NAT-Central-2,-2,6798,5.4,3.7,0.1,1.8,10,25,1.7,31,27.39,1.59,1.5,0.12,294,160,546,0.00
366,TAN-NAT-Central,TAN-NAT-Central-3,-3,6799,5.2,3.9,<0.1,0.6,8,23,1,16,18.59,01.08,1.24,0.09,274,160,566,0.00
